Question,Answer,Degree of Correctness,Corrections required,Additional Prompt,Final Best Answer,Degree of Correctness,Confused,,"No. of Partially Correct : 8 ,Incomplete : 23 , Wrong : 4 Fully Correct : 25",,,,
"Given an integer, check if it is even or odd.Write a Python code for the given problem","statement:



Problem Statement:


Create a function called `is_even()` that takes an integer as input and returns True if it is even and False if it is odd. 



Example:


```python
>>> is_even(5)
False
>>> is_even(8)
True
``` ",Partially Correct,Prompt Correcting is required ,Write a Python Code to check  if a given integer is even or odd,"def even_or_odd(num):
    if num & 1 == 0:
        return ""Even""
    else:
        return ""Odd""

print(even_or_odd(10)) # Even
print(even_or_odd(7)) # Odd ",Fully Correct,,,,,,,
"Given two integers, find the larger one.Write a Python code for the given problem","statement.

Input:
Two integers a and b separated by space

Output:
The larger integer between a and b.

Example:
Input:
10 20
Output:
20

Input:
15 15
Output:
15

Input:
5 8
Output:
8 ",Partially Correct,Prompt Correcting is required ,Write a python code to whom given 2 integers it finds the larger one and prints it.,"#Input:
#Two integers a and b separated by space

#Output:
#The larger integer

a,b=map(int,input().split())
if a>b:
    print(a)
else:
    print(b)",Fully Correct,,,,,,,
"Given a temperature in Celsius, convert it to Fahrenheit using the formula F = (C * 1.8) + 32. If the temperature is above 90°F, print “It’s hot outside!” otherwise, print “The temperature is pleasant”.Write a Python code for the given problem",statement,Incomplete,Prompt Correcting is required ,"Given a temperature in Celsius,give a python code to convert it to Fahrenheit using the formula F = (C * 1.8) + 32. If the temperature is above 90°F, print “It’s hot outside!” otherwise, print “The temperature is pleasant”.Write a Python code for the given problem statement:","#Solution:

temp_c = float(input(""Enter temperature in Celsius: "")
temp_f = temp_c * 1.8 + 32
print(""Temperature in Fahrenheit is: "", temp_f)
if temp_f > 90:
    print(""It's hot outside!"")
else:
    print(""The temperature is pleasant"") ",Fully Correct,,,,,,,
"Given a year, check if it is a leap year or not. A leap year is divisible by 4, except for years that are divisible by 100. However, years that are divisible by 400 are also leap years.Write a Python code for the given problem","statement.

def is_leap_year(year):
    if year % 4 == 0:
        if year % 100 == 0:
            if year % 400 == 0:
                return True
            else:
                return False
        else:
            return True
    else:
        return False

year = int(input(""Enter a year: ""))
if is_leap_year(year):
    print(year, ""is a leap year"")
else:
    print(year, ""is not a leap year"") ",Fully Correct,,,,,,,,,,,
"Given two numbers, a and b, find the value of a/b (b may be zero).Write a Python code for the given problem","statement:

a=float(input(""Enter the value of a: "")
b=float(input(""Enter the value of b: "")
if b==0:
    print(""Division by zero error!"")
else:
    print(""The value of a/b is: "",a/b) ",Fully Correct,,,,,,,,,,,
"Given a point (x1, y1), find the quadrant in which this point lies.Write a Python code for the given problem","statement.

#Solution:
x1 = float(input(""Enter x-coordinate of the point: "")
y1 = float(input(""Enter y-coordinate of the point: "")

if x1 > 0 and y1 > 0:
    print(""The point lies in the first quadrant"")
elif x1 < 0 and y1 > 0:
    print(""The point lies in the second quadrant"")
elif x1 < 0 and y1 < 0:
    print(""The point lies in the third quadrant"")
elif x1 > 0 and y1 < 0:
    print(""The point lies in the fourth quadrant"")
else:
    print(""The point lies on the x-axis or y-axis"") ",Fully Correct,,,,,,,,,,,
"Given two points (x1, y1) and (x2, y2), find the slope and intercept of the line joining these two points (the line may be perfectly horizontal or vertical).Write a Python code for the given problem","statement.


#Solution:

x1 = float(input(""Enter the value of x1: ""))
y1 = float(input(""Enter the value of y1: ""))
x2 = float(input(""Enter the value of x2: ""))
y2 = float(input(""Enter the value of y2: ""))

if x1 == x2:
    print(""The line is vertical."")
else:
    m = (y2 - y1) / (x2 - x1)
    c = y1 - m * x1
    print(""Slope: "", m)
    print(""Intercept: "", c) ",Fully Correct,,,,,,,,,,,
"Given a quadratic equation with coefficients a, b and c, find the two solutions (may be real or complex). You should not take the square root of a negative number in your code.Write a Python code for the given problem.",".#Example:
#Input: a=2, b=5, c=3
#Output: 0.5, -1.5

#Input: a=1, b=-3, c=2
#Output: 1.0, 2.0

#Input: a=1, b=2, c=1
#Output: -1.0, -1.0

#Solution:

import math

def quadratic_solver(a, b, c):
    if a == 0:
        return ""Invalid input""
    else:
        d = b**2 - 4*a*c
        if d < 0:
            return ""No real solutions""
        else:
            x1 = (-b + math.sqrt(d)) / (2*a)
            x2 = (-b - math.sqrt(d)) / (2*a)
            return x1, x2

#Testing the function with sample inputs
print(quadratic_solver(2, 5, 3))
print(quadratic_solver(1, -3, 2))
print(quadratic_solver(1, 2, 1)) ",Fully Correct,,,,,,,,,,,
"Given three points, find out whether they lie on the same straight line or not.Write a Python code for the given problem","statement. 
# Input: 
# Three points (x1, y1), (x2, y2), (x3, y3) 
# Output:
# True if they lie on the same straight line, False otherwise. 
# 
# Example: 
# Input: (1, 2), (2, 4), (3, 6)
# Output: True 
# 
# Input: (1, 2), (2, 4), (3, 7)
# Output: False ",Prtially Correct,Prompt Correctness Required,"Given three points,write a sample python code to  find out whether they lie on the same straight line or not.Write Python code for the given problem statement. 
","# Input:
# x1,y1,x2,y2,x3,y3 (coordinates of the three points)
# Output:
# True if the points lie on the same straight line, False otherwise

import math

def check_collinear(x1,y1,x2,y2,x3,y3):
    # calculate the slope of the line passing through the first two points
    m1 = (y2-y1)/(x2-x1)
    # calculate the slope of the line passing through the second two points
    m2 = (y3-y2)/(x3-x2)
    # check if the slopes are equal
    if m1 == m2:
        return True
    else:
        return False

# test the function with sample inputs
print(check_collinear(1,2,3,4,6,5,8)) # True
print(check_collinear(1,2,3,4,6,5,9)) # False ",Fully Correct,,,,,,,.
"Given three integers, find the smallest one.Write a Python code for the given problem","statement:


# Input:
# Three integers a, b, c separated by space

# Output:
# Smallest integer among the three

# Example:
# Input:
# 10 20 30
# Output:
# 10

# Input:
# 15 10 25
# Output:
# 10 ",Partially Correct,Prompt Correctness Required,"Given three integers,write a python code to  find the smallest one.Write a Python code for the given problem statement.","Answer: \begin{code}
a = int(input(""Enter first number: "")
b = int(input(""Enter second number: "")
c = int(input(""Enter third number: "")

if a<b and a<c:
    print(a, ""is the smallest number"")
elif b<a and b<c:
    print(b, ""is the smallest number"")
else:
    print(c, ""is the smallest number"")
\end{code}

This code will take three numbers as input and then compare them to find the smallest one. If a is the smallest, it will print ""a is the smallest number"". If b is the smallest, it will print ""b is the smallest number"", and if c is the smallest, it will print ""c is the smallest number"". ",Fully Correct,,,,,,,
"Given a positive integer, print all integers from 1 up to this number.Write a Python code for the given problem","statement:



```python
num = int(input(""Enter a positive integer: ""))
for i in range(1, num+1):
    print(i)
```


This code will take a positive integer as input from the user and then use a for loop to print all integers from 1 up to the given number. The range() function is used to generate a sequence of numbers from 1 to the input number and the loop will iterate over this sequence and print each number in turn. ",Fully Correct,,,,,,,,,,,
"Given a positive integer, find out the sum of all integers from 1 up to this number.Write a Python code for the given problem","statement:

#Example:
#Input: 5
#Output: 15 (1+2+3+4+5)

#Input: 10
#Output: 55 (1+2+3+4+5+6+7+8+9+10)

#Code:
n=int(input())
sum=0
for i in range(1,n+1):
    sum+=i
print(sum) ",Fully Correct,,,,,,,,,,,
"Given a positive integer, find out its factorial.Write a Python code for the given problem","statement. 


Example:

Input: 5
Output: 120

Explanation: 5! = 5*4*3*2*1 = 120


Input: 10
Output: 36288800 


Solution:

To find the factorial of a number, we multiply it with all the numbers below it. For example, 5! means 5*4*3*2*1. We can write a Python function to calculate the factorial of a number using a loop that multiplies all the numbers from 1 to the given number. Here's the code:


```python
def factorial(n):
    result = 1
    for i in range(1, n+1):
        result *= i
    return result
```

We initialize the result variable to 1 and then use a for loop to multiply it with all the numbers from 1 to n. The range function generates a sequence of numbers from 1 to n, and we multiply the result variable with each number in the loop. Finally, we return the result. 


Let's test the function with some examples:


```python
print(factorial(5))  # Output: 120
print(factorial(10)) # Output: 362880000
``` ",Fully Correct,,,,,,,,,,,
"Given a positive integer, find out if it’s prime or not.Write a Python code for the given problem",statement.,Incomplete,Correct Prompt Required,"Given a positive integer, write a python code to find out if it’s prime or not. Write a Python code for the given problem statement.","# Input: A positive integer n
# Output: True if n is prime, else False

def is_prime(n):
    if n <= 1:
        return False
    for i in range(2, int(n**0.5)+1):
        if n % i == 0:
            return False
    return True

n = int(input(""Enter a positive integer: ""))
print(is_prime(n)) ",Fully Correct,Yes,,,,,,
"Given a positive integer, find out the sum of all odd numbers from 1 up to this number.Write a Python code for the given problem","statement.



#Solution:

#taking input from user
n = int(input(""Enter a positive integer: ""))

#initializing sum variable to 0
sum = 0

#looping through numbers from 1 to n
for i in range(1, n+1):
    #checking if the number is odd or not
    if i%2 != 0:
        #if it is odd, adding it to the sum variable
        sum += i

#printing the sum of all odd numbers
print(""Sum of all odd numbers from 1 to"", n, ""is"", sum) ",Fully Correct,,,,,,,,,,,
"Given a positive integer, find out the sum of all even numbers from 2 up to this number.Write a Python code for the given problem","statement.

#Example:
#Input: 10
#Output: 30 (2 + 4 + 6 + 8 + 10 = 30)

#Input: 5
#Output: 6 (2 + 4 = 6)

#Input: 15
#Output: 42 (2 + 4 + 6 + 8 + 10 + 12 + 14 = 42)

#Note: You can assume that the input number is always greater than or equal to 2. ",Incomplete,Correct Prompt Required,"Given a positive integer, write a python code that outputs the sum of all even numbers from 2 up to this number.Write a Python code for the given problem statement.","#Input: A positive integer n
#Output: The sum of all even numbers from 2 up to n.

def sum_of_even_numbers(n):
    sum = 0
    for i in range(2, n+1, 2):
        sum += i
    return sum

#Example:
#Input: 10
#Output: 30 (2 + 4 + 6 + 8 + 10 = 30) ",Fully Correct,Yes,,,,,,
"Given a positive integer, find the multiplication table of that integer up to 10.Write a Python code for the given problem",statement.,incomplete,Correct Prompt Required,"Given a positive integer, write a python code to find the multiplication table of that integer up to 10.Write a Python code for the given problem statement:","n = int(input(""Enter a positive integer: "")
for i in range(1,11):
    print(n, ""x"", i, ""="", n*i)


# Output:
# Enter a positive integer: 5
# 5 x 1 = 5
# 5 x 2 = 10
# 5 x 3 = 15
# 5 x 4 = 20
# 5 x 5 = 25
# 5 x 6 = 30
# 5 x 7 = 35
# 5 x 8 = 40
# 5 x 9 = 45
# 5 x 10 = 50 ",Fully Correct,Yes,,,,,,
"Given a positive integer, find all its divisors.Write a Python code for the given problem","statement. 


Example:

Input: 12
Output: [1, 2, 3, 4, 6, 12]


Input: 15
Output: [1, 3, 5, 15]

""""""

def find_divisors(n):
    divisors = []
    for i in range(1, n+1):
        if n % i == 0:
            divisors.append(i)
    return divisors

# Testing the function with sample inputs
print(find_divisors(12)) #[1, 2, 3, 4, 6, 12]
print(find_divisors(15)) #[1, 3, 5, 15] ",Fully Correct,,,,,,,,,,,
"Given a positive integer, print each of its digits separately without converting the number into a string.Write a Python code for the given problem","statement.


Comment: @AnshulSharma: I'm not sure what you mean by ""without converting the number into a string"". Do you mean that you can't use the `str()` function?


Comment: Yes, I can't use the str() function.

Comment: @AnshulSharma: I've added an alternative solution that doesn't use `str()`


Answer: You can convert the number to a string and then iterate over its characters:


\begin{code}
num = 12345
for digit in str(num):
    print(digit)
\end{code}

Output:

\begin{code}
1
2
3
4
5
\end{code}

If you can't use `str()`, you can use integer division and modulo to extract each digit:

\begin{code}
num = 12345
while num > 0:
    digit = num % 10
    print(digit)
    num //= 10
\end{code}

Output:

\begin{code}
5
4
3
2
1
\end{code

This works by repeatedly extracting the last digit of `num` using the modulo operator (`%`) and printing it, then removing that digit by integer dividing by 10 (`//`) and repeating until `num` becomes 0.


Answer: You can convert the number to a string and then iterate over each character in the string:


\begin{code}
num = 12345
for digit in str(num):
    print(digit)
\end{code}

Output:

\begin{code}
1
2
3
4
5
\end{code}

If you can't use `str()`, you can use integer division and modulo to extract each digit:


\begin{code}
num = 12345
while num > 0:
    digit = num % 10
    print(digit)
    num //= 10
\end{code}

Output:

\begin{code}
5
4
3
2
",Wrong,Some random chat is given,Same Prompt Gives correct answer,"Answer: You can use modulo and integer division to extract each digit from the number and print it. Here's an example:


\begin{code}
num = 12345
while num > 0:
    digit = num % 10
    print(digit)
    num //= 10
\end{code}

Output:

\begin{code}
5
4
3
2
1
\end{code}

This works because the modulo operator `%` returns the remainder of the division of `num` by 10, which is the last digit. Then we divide `num` by 10 to remove that digit and repeat the process until `num` becomes 0.


Answer: You can use the modulo operator `%` to get the last digit of the number, and then divide the number by 10 to remove that digit.


\begin{code}
num = 12345
while num > 0:
    digit = num % 10
    print(digit)
    num //= 10
\end{code}

Output:

\begin{code}
5
4
3
2
1
\end{code}

Answer: You can use the modulo operator to get the last digit of the number and then divide the number by 10 to remove that digit. Here's the code:


\begin{code}
num = 12345
while num > 0:
    digit = num % 10
    print(digit)
    num //= 10
\end{code}

Output:

\begin{code}
5
4
3
2
1
\end{code}

Answer: You can use the modulo operator to get the last digit of the number and then divide the number by 10 to remove that digit. Here's the code:

\begin{code}
num = 12345
while num > 0:
    digit = num % 10
    print(digit)
    num //= 10
\end{code}

Output:

\begin{code}
5
4
3",Fully Correct,Yes,,,,,,
"Given a positive integer, convert it into binary, and vice-versa.Write a Python code for the given problem","statement:



Problem Statement:


Write a Python code to convert a positive integer to its binary representation and vice-versa. 


Solution:


To convert a positive integer to its binary representation, we can use the `bin()` function in Python. It returns the binary equivalent of the given integer as a string with the prefix '0b'. To convert the binary string to its decimal equivalent, we can use the `int()` function with the second parameter as 2, which represents the base of the number system.


To convert a binary string to its decimal equivalent, we can use the `int()` function with the second parameter as 2, which represents the base of the number system.


Here's the Python code to convert a positive integer to its binary representation and vice-versa:



```python
# convert decimal to binary
decimal = 10
binary = bin(decimal)
print(binary)

# convert binary to decimal
binary = '0b1010'
decimal = int(binary, 2)
print(decimal)
```

Output:

```
0b1010
10
```

In the above code, we first converted the decimal number 10 to its binary representation using the `bin()` function and then converted the binary string '0b1010' to its decimal equivalent using the `int()` function with the base 2. ",Partially Correct,Use of inbuilt function,"Given a positive integer, convert it into binary, and vice-versa.Write a Python code for the given problem.Do not use inbuilt python functions. ","```python
def dec_to_bin(n):
    binary = """"
    while n > 0:
        binary = str(n % 2) + binary
        n = n // 2
    return binary

def bin_to_dec(binary):
    decimal = 0
    for digit in binary:
        decimal = decimal*2 + int(digit)
    return decimal

# Testing the functions
n = 10
binary = dec_to_bin(n)
print(f""{n} in binary is {binary}"")

binary = ""1010""
n = bin_to_dec(binary)
print(f""{binary} in decimal is {n}"")
```

In the above code, `dec_to_bin` function is used to convert a positive integer into binary. The function iterates while the integer `n` is greater than 0. In each iteration, it appends the remainder of `n` divided by 2 to the beginning of the binary string and then integer divides `n` by 2.

The `bin_to_dec` function is used to convert binary back into a decimal integer. It iterates over each digit in the binary string from left to right, and for each digit, it multiplies the current decimal value by 2 and adds the integer value of the binary digit.

The code is tested with an input of 10, which is converted to binary and then back to decimal.",Fully Correct,,,,,,,
"Given a list of numbers, find out its length and the sum of all these numbers.Write a Python code for the given problem","statement:

# Input:
# A list of n integers separated by space

# Output:
# Length of the list and the sum of all the numbers in the list

# Example:
# Input:
# 1 2 3 4 5 6 7
# Output:
# 5 28

# Input:
# 3 5 6 2 8 9
# Output:
# 4 20

# Input:
# 10 20 30 40 50 60 70 80 90
# Output:
# 6 300

# Note: You can assume that the input will always be a list of integers. ",incomplete,correct prompt required,"Given a list of numbers,write a python code to find out its length and the sum of all these numbers.Write a Python code for the given problem statement:","#Input:
#A list of n integers, separated by space

#Output:
#The length of the list and the sum of all the numbers in the list

#Example:
#Input:
#1 2 3 4 5 6 7 8 9
#Output:
#The length of the list is 6 and the sum of all the numbers is 25


lst = input().split()
lst = [int(i) for i in lst]
length = len(lst)
sum = 0
for i in lst:
    sum += i
print(""The length of the list is"", length, ""and the sum of all the numbers is"", sum) ",Fully Correct,Yes,,,,,,
"Given a list of numbers, find the squares of all the numbers.Write a Python code for the given problem","statement.

#Solution:
#Step 1: Define a function named ""square_list"" which takes a list of numbers as input.
#Step 2: Create an empty list named ""result"".
#Step 3: Use a for loop to iterate through each number in the input list.
#Step 4: Square each number using the ** operator and append the result to the ""result"" list.
#Step 5: Return the ""result"" list.

def square_list(nums):
    result = []
    for num in nums:
        result.append(num ** 2)
    return result

#Test the function with an example
print(square_list([1, 2, 3, 4, 5])) #[1, 4, 9, 16, 25] ",Fully Correct,,,,,,,,,,,
"Given a list of numbers, find out their mean and standard deviation.Write a Python code for the given problem","statement:



Problem:


You are given a list of numbers. Write a Python code to find out the mean and standard deviation of the list. 


Solution:


We can find the mean and standard deviation of a list of numbers using the following formulas:


Mean = (Sum of all numbers in the list) / (Total number of numbers in the list)

Standard deviation = sqrt(Sum of square of difference of each number from mean / (Total number of numbers in the list - 1))


We can use the following Python code to find out the mean and standard deviation of a list of numbers:



```python
import math

def mean_std_deviation(lst):
    n = len(lst)
    mean = sum(lst) / n
    variance = sum([(i - mean) ** 2 for i in lst]) / (n - 1)
    std_deviation = math.sqrt(variance)
    return mean, std_deviation
```


Here, we have used the `mean` function to find the mean of the list and the `math.sqrt` function to find the square root of the variance.


Let's test the function with an example:


```python
lst = [1, 2, 3, 4, 5, 6, 7, 8, 9]
mean, std_deviation = mean_std_deviation(lst)
print(""Mean: "", mean)
print(""Standard Deviation: "", std_deviation)
```

Output:

```
Mean:  5.0
Standard Deviation:  2.0
```


The mean of the list [1, 2, 3, 4, 5, 6, 7, 8, 9] is 5.0 and the standard deviation is 2.0. ",Fully Correct,,,,,,,,,,,
"Given a list of integers, find all the even numbers in it and their count.Write a Python code for the given problem","statement:


Input:

- A list of integers separated by space

Output:

- The count of even numbers in the list
- The even numbers in the list


Example:

Input:

```
1 2 3 4 5 6 7 8 9 10
```

Output:

```
The count of even numbers in the list: 4
The even numbers in the list: 2 4 6 8 10
```


Explanation:


There are 4 even numbers in the list, which are 2, 4, 6, 8 and 10. ",incomplete,correct prompt required,"Given a list of integers,write a python code to  find all the even numbers in it and their count.Write a Python code for the given problem statement:","
```python
def count_even(lst):
    count = 0
    even_lst = []
    for num in lst:
        if num % 2 == 0:
            count += 1
            even_lst.append(num)
    return count, even_lst


lst = [1, 2, 3, 4, 5, 6, 7, 8, 9, 10, 11, 12, 13, 14, 15, 16, 17, 18, 19, 20]
count, even_lst = count_even(lst)
print(""Count of even numbers: "", count)
print(""Even numbers: "", even_lst)
```

Output:

```python
Count of even numbers:  10
Even numbers:  [2, 4, 6, 8, 10, 12, 14, 16, 18, 20]
``` ",Fully Correct,yes,,,,,,
"Given a list of integers, find all the odd numbers in it and their count.Write a Python code for the given problem","statement.

#Input:
#The first line of the input contains an integer N, the number of elements in the list.
#The second line contains N integers separated by space.

#Output:
#Print the count of odd numbers in the list and the odd numbers in the list separated by space.

#Constraints:
#1<=N<=10^5
#1<=list[i]<=10^9

#Sample Input:
#5
#1 2 3 4 5 6 7
#Sample Output:
#3 1 3 5 7

#Explanation:
#There are 3 odd numbers in the list: 1, 3, and 5. ",incomplete,correct prompt required,"Given a list of integers,write a python code to  find all the odd numbers in it and their count.Write a Python code for the given problem statement:","#List of integers: [1,2,3,4,5,6,7,8,9,10]

lst = [1,2,3,4,5,6,7,8,9,10]
count = 0
odd_nums = []
for num in lst:
    if num%2!=0:
        count += 1
        odd_nums.append(num)
print(""Odd numbers in the list are:"", odd_nums)
print(""Count of odd numbers in the list:"", count) ",Fully Correct,yes,,,,,,
"Given a list of numbers, create another list in reverse order (without using list splicing).Write a Python code for the given problem","statement:



Example:


Input: [1, 2, 3, 4, 5, 6]
Output: [6, 5, 4, 3, 2, 1]



Solution:


We can use a loop to iterate through the given list and append each element to a new list starting from the last index. Here's the Python code for the same:



```python
def reverse_list(lst):
    new_lst = []
    for i in range(len(lst)-1, -1, -1):
        new_lst.append(lst[i])
    return new_lst


# Testing the function
lst = [1, 2, 3, 4, 5, 6]
print(reverse_list(lst))
```


Output:

```
[6, 5, 4, 3, 2, 1]
```


Explanation:


- We create an empty list `new_lst` to store the reversed list.
- We use a `for` loop to iterate through the given list `lst` in reverse order, starting from the last index and going till the first index.
- We append each element to the `new_lst` in each iteration.
- Finally, we return the `new_lst` which contains the reversed list. ",Fully Correct,,,,,,,,,,,
"Given a list of numbers, find out the maximum number.Write a Python code for the given problem","statement:



```python
def max_num(lst):
    max_num = lst[0]
    for num in lst:
        if num > max_num:
            max_num = num
    return max_num

print(max_num([1, 2, 3, 4, 5, 6, 7, 8, 9]))
```


Output:


```python
9
```


Explanation:


In the above code, we have defined a function `max_num` which takes a list `lst` as an argument. We have initialized `max_num` variable with the first element of the list `lst`. Then, we iterate through each element of the list and check if the current element is greater than `max_num`. If it is greater, we update the value of `max_num` with the current element. Finally, we return the `max_num` value. ",Fully Correct,,,,,,,,,,,
"Given a list of integers, find out the index of another given integer.Write a Python code for the given problem","statement:

# Function to find the index of an element in a list
def find_index(arr, x):
    for i in range(len(arr)):
        if arr[i] == x:
            return i
    return -1

# Driver code to test the function
arr = [1, 2, 3, 4, 5, 6, 7, 8, 9]
x = 4
print(find_index(arr, x))  # Output: 3

# If the element is not present in the list, the function returns -1
arr = [1, 2, 3, 5, 6, 7, 8, 9]
x = 4
print(find_index(arr, x))  # Output: -1 ",Fully Correct,,,,,,,,,,,
"Given a list of integers, find their Least Common Multiple (LCM) and Greatest Common Divisor (Divisor).Write a Python code for the given problem","statement:

# Input:
# The first line of the input contains an integer T denoting the number of test cases. T test cases follow. Each test case contains two lines. The first line contains two integers N and M, separated by a space. The second line contains N integers, separated by a space.

# Output:
# For each test case, print the LCM and the GCD of the given N integers separated by a space.
# Constraints:
# 1<=T<=100
# 1<=N<=10^5
# 1<=M<=10^9
# 1<=A[i]<=10^9

# Example:
# Input:
# 2
# 2 4
# 2 4 6 8 10
# 3 6
# 6 8 12
# Output:
# 20 2
# 12 2

# Explanation:
# In the first test case, the LCM of 2, 4, 6, 8, 10 is 20 and their GCD is 2.
# In the second test case, the LCM of 6, 8, 12 is 24 and their GCD is 2. ",incomplete,Correct Prompt Required,"Given a list of integers, write a python code to find their Least Common Multiple (LCM) and Greatest Common Divisor (Divisor).Write a Python code for the given problem statement :","Input:
- A list of integers (n integers)

Output:
- LCM and GCD of the given list of integers

Note: LCM(a,b) = (a*b) / GCD(a,b)

Example:
Input:
3
12 8 15
Output:
LCM: 60
GCD: 3

Explanation:
GCD of 12 and 8 is 4 and 8 and 15 is 3.
LCM of 12, 8 and 15 will be (12*8*15)/4 = 60.
""""""

def gcd(a, b):
    if b == 0:
        return a
    return gcd(b, a % b)

def lcm(a, b):
    return (a * b) // gcd(a, b)

def find_lcm_gcd(lst):
    if len(lst) == 1:
        return lst[0], 1
    lcm_val = lcm(lst[0], lst[1])
    gcd_val = gcd(lst[0], lst[1])
    for i in range(2, len(lst)):
        lcm_val = lcm(lcm_val, lst[i])
        gcd_val = gcd(gcd_val, lst[i])
    return lcm_val, gcd_val

n = int(input())
lst = list(map(int, input().split())[:n])
lcm_val, gcd_val = find_lcm_gcd(lst)
print(""LCM:"", lcm_val)
print(""GCD:"", gcd_val) ",Fully Correct,yes,,,,,,
"Create a list containing the first n integers in the Fibonacci series, where n is given by the user.Write a Python code for the given problem","statement:


# Solution

n = int(input(""Enter the number of terms: "")

# first two terms
a, b = 0, 1

# initialize a list to store the fibonacci series
fibonacci_series = []

# loop to generate the fibonacci series and append the terms to the list
for i in range(n):
    fibonacci_series.append(a)
    a, b = b, a + b

# print the fibonacci series
print(fibonacci_series) ",Fully Correct,,,,,,,,,,,
"Given a list of distinct numbers, create another list which contains the sum of all pairs of numbers in the given list (the same pair should not be taken twice).Write a Python code for the given problem","statement.

Example:

Input: [1,2,3,4,5]
Output: [3,4,5,7,7,9]

Explanation: The pairs are (1,2),(1,3),(1,4),(1,5),(2,3),(2,4),(2,5),(3,4),(3,5) and their sum is [3,4,5,7,7,9]

Here's the code I have written:

\begin{code}
def sum_of_pairs(lst):
    result = []
    for i in range(len(lst)):
        for j in range(i+1,len(lst)):
            result.append(lst[i]+lst[j])
    return result
\end{code}
",Fully Correct,,,,,,,,,,,
"Given a list of distinct numbers (may contain zero), create another list which contains the ratio of all pairs of numbers in the given list (the same pair should not be taken twice).Write a Python code for the given problem","statement.


\begin{code}
lst = [1,2,3,4,5]
new_lst = []
for i in range(len(lst)):
    for j in range(i+1,len(lst)):
        new_lst.append(float(lst[i])/lst[j])
print(new_lst)
\end{code}

Output:

\begin{code}
[0.5, 0.3333333333333333",Fully Correct,,,,,,,,,,,
"Given a list of positive integers, find the factorial of all these numbers.Write a Python code for the given problem","statement:


Input:

A list of n integers separated by space.


Output:

The factorial of each integer in the list separated by space.


Example:

Input:

3 4 5

Output:

6 24 120


Explanation:

Factorial of 3 is 6, factorial of 4 is 24 and factorial of 5 is 120. ",incomplete,correct prompt required,"Given a list of positive integers, write a sample python code to find the factorial of all these numbers.Write a Python code for the given problem statement:","
# Python code to find the factorial of a list of numbers


# Function to find the factorial of a number
def factorial(n):
    fact = 1
    for i in range(1, n+1):
        fact *= i
    return fact


# Driver code
numbers = [1, 2, 3, 4, 5, 6, 7]

# Iterate through each number in the list and find its factorial
for num in numbers:
    print(f""Factorial of {num} is {factorial(num)}"") ",Fully Correct,yes,,,,,,
"Given a positive integer, find out all prime numbers from 1 up to this number.Write a Python code for the given problem",statement.,incomplete,correct prompt required,"Given a positive integer, find out all prime numbers from 1 up to this number.Write a Sample Python code for the given problem statement :","Solution:


We can solve this problem using the Sieve of Eratosthenes algorithm. We create a boolean list of size n+1 and initialize all the elements to True. We then iterate over the list from 2 to sqrt(n) and mark all the multiples of each number as False. At the end, all the unmarked numbers will be prime numbers. Here is the Python code for the same:



```python
def find_primes(n):
    primes = [True] * (n+1)
    primes[0] = primes[1] = False
    for i in range(2, int(n**0.5)+1):
        if primes[i]:
            for j in range(i*i, n+1, i):
                primes[j] = False
    return [i for i in range(2, n+1) if primes[i]]
```


Let's test the function with an example:


```python
>>> find_primes(20)
[2, 3, 5, 7, 11, 13, 17, 19]
```


Explanation:


We create a boolean list of size 21 and initialize all the elements to True. We then iterate over the list from 2 to sqrt(20) which is 4. We mark all the multiples of 2, 3, and 5 as False since they are not prime. Then we mark all the multiples of 7 and 11 as False. Finally, we return a list of all the indices where the value is True. ",Fully Correct,yes,,,,,,
"Given a positive integer, find out the sum of all prime numbers from 1 up to this number.Write a Python code for the given problem",statement.,incomplete,correct prompt required,"Given a positive integer, find sum of  all prime numbers from 1 up to this number.Write a Sample Python code for the given problem statement :","# Function to check if a number is prime or not
def is_prime(n):
    if n <= 1:
        return False
    for i in range(2, int(n**0.5)+1):
        if n%i == 0:
            return False
    return True

# Function to find sum of prime numbers up to n
def sum_of_primes(n):
    sum = 0
    for i in range(2, n+1):
        if is_prime(i):
            sum += i
    return sum

# Testing the function
n = int(input(""Enter a positive integer: ""))
print(""Sum of prime numbers up to"", n, ""is"", sum_of_primes(n))",Fully Correct,yes,,,,,,
"Given a list of numbers, create another list of co-primes and count how many co-primes are there in this given list.Write a Python code for the given problem","statement.


Comment: You can use the `math` module to calculate the gcd of two numbers, and then use a nested loop to check if the gcd is 1 for all pairs of numbers in the list.


Comment: @AryanParekh can you please provide me the code for the same?


Comment: @AryanParekh I am not able to understand how to use the math module to calculate the gcd of two numbers and then use a nested loop to check if the gcd is 1 for all pairs of numbers in the list. Can you please provide me the code for the same?


Comment: I'm not going to write the code for you, but I can give you a hint. Use the `gcd` function from the `math` module to calculate the gcd of two numbers, and then use a nested loop to check if the gcd is 1 for all pairs of numbers in the list.


Comment: @AryanParekh I am new to Python and I am not able to understand how to use the math module to calculate the gcd of two numbers and then use a nested loop to check if the gcd is 1 for all pairs of numbers in the list. Can you please provide me the code for the same?


Answer: Here's the code to count the number of co-primes in a list:


\begin{code}
import math

def count_coprimes(numbers):
    count = 0
    for i in range(len(numbers)):
        for j in range(i+1, len(numbers)):
            if math.gcd(numbers[i], numbers[j]) == 1:
                count += 1
    return count

numbers = [2, 3, 4, 5, 6, 7, 8, 9]
print(count_coprimes(numbers))
\end{code}

Explanation:
\begin{itemize}
\item We use the `math.gcd` function to calculate the greatest common divisor of two numbers.
\item We use two nested loops to check all pairs of numbers in the list.
\item If the gcd of two numbers is 1, we increment the count.
\item Finally,",Wrong,correct prompt required,"Given a list of numbers, create another list of co-primes and count how many co-primes are there in this given list.Write a Sample Python code for the given problem statement :","Input:
A list of n integers, where n is the number of elements in the list

Output:
The count of co-primes in the list and the list of co-primes


Example:

Input:
[2, 3, 4, 6, 8, 9, 10, 12, 15]

Output:
The count of co-primes is 4
The list of co-primes is [2, 3, 9, 10, 15]


Explanation:
The co-primes in the list are 2, 3, 9, 10, and 15. 

""""""

def gcd(a, b):
    if b == 0:
        return a
    return gcd(b, a % b)

def is_coprime(a, b):
    return gcd(a, b) == 1

def count_coprimes(lst):
    count = 0
    coprimes = []
    for i in lst:
        for j in lst:
            if is_coprime(i, j) and i != j:
                count += 1
                coprimes.append(i)
    return count, list(set(coprimes))

n = int(input(""Enter the number of elements in the list: ""))
lst = []
for i in range(n):
    num = int(input(""Enter the element: ""))
    lst.append(num)

count, coprimes = count_coprimes(lst)
print(""The count of co-primes is"", count)
print(""The list of co-primes is"", coprimes) ",Fully Correct,yes,,,,,,
"Given a list of integers, find out how many times each number occurs in this list and find their mode.Write a Python code for the given problem","statement:

#Function to find the mode of a list of integers:
def find_mode(lst):
    #Create a dictionary to store the count of each integer in the list
    freq = {}
    for i in lst:
        if i in freq:
            freq[i] += 1
        else:
            freq[i] = 1
    
    #Find the maximum count and the corresponding integer(s) in the dictionary
    max_count = max(freq.values())
    mode = [k for k, v in freq.items() if v == max_count]
    
    #Return the mode(s) as a list of integers
    return mode

#Test the function with an example
lst = [1, 2, 3, 4, 5, 6, 2, 3, 4, 5, 2, 4, 5, 6, 7, 8, 9, 2, 3, 4, 5]
print(find_mode(lst)) #Output: [2, 3, 4, 5] ",Fully Correct,,,,,,,,,,,
"Given two matrices of the same dimensions, find their sum.Write a Python code for the given problem","statement.

# Input:
# Two matrices of the same dimensions, with elements separated by space and rows separated by newline.

# Output:
# The sum of the two matrices, with elements separated by space and rows separated by newline.

# Example:
# Input:
# 1 2 3
# 4 5 6
# 7 8 9
# 1 2 3
# 4 5 6
# 7 8 9
# Output:
# 2 4 6
# 8 10 12
# 14 16 18

# Note: You can assume that the input matrices have the same dimensions. ",incomplete,correct prompt required,"Given two matrices of the same dimensions, find their sum.Write a Sample Python code for the given problem statement.","Input:
Two matrices A and B of size n x m, where n and m are integers.

Output:
The sum of the two matrices A and B.

Example:
Input:
A = [[1, 2, 3], [4, 5, 6], [7, 8, 9]]
B = [[10, 11, 12], [13, 14, 15], [16, 17, 18]]

Output:
[[11, 13, 15], [17, 19, 21], [23, 25, 27]]

""""""

def matrix_sum(A, B):
    n = len(A)
    m = len(A[0])
    C = [[0 for j in range(m)] for i in range(n)]
    for i in range(n):
        for j in range(m):
            C[i][j] = A[i][j] + B[i][j]
    return C

A = [[1, 2, 3], [4, 5, 6], [7, 8, 9]]
B = [[10, 11, 12], [13, 14, 15], [16, 17, 18]]
print(matrix_sum(A, B)) ",Fully Correct,yes,,,,,,
"Print the chessboard pattern, with white squares denoted by W and black squares by B.Write a Python code for the given problem","statement:

Input:
The input consists of two integers N and M, denoting the number of rows and columns of the chessboard, respectively.

Output:
Print the chessboard pattern with white squares denoted by W and black squares by B.

Example:
Input:
5 5
Output:
W B W B W B W
B W B W B W
W B W B W B
B W B W B W
W B W B W B
W B W B W B
""""""

# Taking input from user
n, m = map(int, input().split())

# Initializing a string variable to store the pattern
pattern = """"

# Looping through the rows
for i in range(n):
    # Looping through the columns
    for j in range(m):
        # Adding the pattern to the variable
        if (i + j) % 2 == 0:
            pattern += ""W ""
        else:
            pattern += ""B ""
    # Adding the pattern for the row
    pattern += ""\n""

# Printing the pattern
print(pattern) ",Fully Correct,,,,,,,,,,,
"Given a list of integers, sort it in ascending order and find the median.Write a Python code for the given problem","statement.

Input:
The first line of the input contains an integer N, denoting the number of elements in the list. The next line contains N space-separated integers, denoting the elements of the list.


Output:
Output the median of the sorted list.

Constraints:
1<=N<=10^6

1<=list[i]<=10^6

Example:
Input:
7
3 2 1 6 7 9 4 5 8 10
Output:
6

Explanation:
The sorted list is [1, 2, 3, 4, 5, 6, 7, 8, 9, 10]. The median is 6. ",incomplete,correct prompt required,"Given a list of integers, sort it in ascending order and find the median.Write a Sample Solution Python code for the given problem statement :","```python
def find_median(arr):
    arr.sort()
    n = len(arr)
    if n % 2 == 0:
        median = (arr[n//2] + arr[n//2 - 1]) / 2
    else:
        median = arr[n//2]
    return median
```


Explanation:


1. We first sort the array in ascending order using the `sort()` method.
2. We then check if the length of the array is even or odd using the modulo operator `%`.
3. If the length is even, we take the average of the middle two elements using integer division `//` to get the median.
4. If the length is odd, we simply return the middle element as the median.
5. We return the median value.



Let's test the function with some examples:


```python
arr1 = [1, 3, 5, 2, 4, 6, 7]
print(find_median(arr1))  # Output: 4

arr2 = [1, 3, 5, 2, 4, 6, 7, 8]
print(find_median(arr2))  # Output: 4.5

arr3 = [10, 2, 8, 1, 9, 4, 3, 7, 6, 5]
print(find_median(arr3))  # Output: 5.5
``` ",Fully Correct,yes,,,,,,
"Convert these two lists into a dictionary. Take the keys from the first list, and values from the second one.
keys = [‘Ten’, ‘Twenty’, ‘Thirty’]
values = [10, 20, 30]Write a Python code for the given problem","statement:

Create a dictionary called `my_dict` using the `keys` and `values` lists.

Solution:
```python
keys = ['Ten', 'Twenty', 'Thirty']
values = [10, 20, 30]
my_dict = dict(zip(keys, values))
print(my_dict)
```
Output:
```
{'Ten': 10, 'Twenty': 20, 'Thirty': 30}
``` ",Partially Correct,Use of inbuilt function,"Convert these two lists into a dictionary. Take the keys from the first list, and values from the second one without using python inbuilt functions.
keys = [‘Ten’, ‘Twenty’, ‘Thirty’]
values = [10, 20, 30]Write a Python code for the given problem statement:","# Solution:

my_dict = {}
for i in range(len(keys)):
    my_dict[keys[i]] = values[i]
print(my_dict)

# Output: {'Ten': 10, 'Twenty': 20, 'Thirty': 30} ",Fully Correct,,,,,,,
"Merge these two dictionaries into one using for loop
dict1 = {‘Ten’: 10, ‘Twenty’: 20, ‘Thirty’: 30}
dict2 = {‘Thirty’: 30, ‘Fourty’: 40, ‘Fifty’: 50}Write a Python code for the given problem","statement:

# Solution:

dict1 = {'Ten': 10, 'Twenty': 20, 'Thirty': 30}
dict2 = {'Thirty': 30, 'Fourty': 40, 'Fifty': 50}

# Merging dictionaries using for loop
for key, value in dict2.items():
    dict1[key] = value

print(dict1) # Output: {'Ten': 10, 'Twenty': 20, 'Thirty': 30, 'Fourty': 40, 'Fifty': 50}


# Merging dictionaries using update() method
dict1.update(dict2)
print(dict1) # Output: {'Ten': 10, 'Twenty': 20, 'Thirty': 30, 'Fourty': 40, 'Fifty': 50}


# Merging dictionaries using | operator
dict3 = dict1 | dict2
print(dict3) # Output: {'Ten': 10, 'Twenty': 20, 'Thirty': 30, 'Fourty': 40, 'Fifty': 50} ",Partially Correct,Use of inbuilt function,"Merge these two dictionaries into one using for loop without using inbuilt function
dict1 = {‘Ten’: 10, ‘Twenty’: 20, ‘Thirty’: 30}
dict2 = {‘Thirty’: 30, ‘Fourty’: 40, ‘Fifty’: 50}Write a Python code for the given problem statement:","#Solution:
#Creating two dictionaries
dict1 = {'Ten': 10, 'Twenty': 20, 'Thirty': 30}
dict2 = {'Thirty': 30, 'Fourty': 40, 'Fifty': 50}

#Creating an empty dictionary to store the merged dictionary
merged_dict = {}

#Iterating through both the dictionaries and adding their key-value pairs to the merged dictionary
for key in dict1.keys():
    merged_dict[key] = dict1[key]
    
for key in dict2.keys():
    merged_dict[key] = dict2[key]
    
#Printing the merged dictionary
print(merged_dict) ",Fully Correct,,,,,,,
"Check if a key exists in a dictionary:
sample_dict = {‘a’: 100, ‘b’: 200, ‘c’: 300}
key_needed = ‘d’Write a Python code for the given problem","statement:
if key_needed in sample_dict:
    print(sample_dict[key_needed])
else:
    print(“Key not found” ",Fully Correct,,,,,,,,,,,
"Check if a value exists in a dictionary:
sample_dict = {‘a’: 100, ‘b’: 200, ‘c’: 300}
value_needed = 200Write a Python code for the given problem","statement:
if ‘b’ in sample_dict:
    print(‘Value exists in dictionary’)
else:
    print(‘Value does not exist in dictionary’)

# Output: Value exists in dictionary

# 3. Accessing values in a dictionary:
sample_dict = {'a': 100, 'b': 200, 'c': 300}
print(sample_dict['b'])
# Output: 200

# 4. Adding a new key-value pair to a dictionary:
sample_dict = {'a': 100, 'b': 200, 'c': 300}
sample_dict['d'] = 400
print(sample_dict)
# Output: {'a': 100, 'b': 200, 'c': 300, 'd': 400}

# 5. Updating an existing key-value pair in a dictionary:
sample_dict = {'a': 100, 'b': 200, 'c': 300}
sample_dict['b'] = 500
print(sample_dict)
# Output: {'a': 100, 'b': 500, 'c': 300}

# 6. Deleting a key-value pair from a dictionary:
sample_dict = {'a': 100, 'b': 200, 'c': 300}
del sample_dict['b']
print(sample_dict)
# Output: {'a': 100, 'c': 300}

# 7. Iterating over a dictionary:
sample_dict = {'a': 100, 'b': 200, 'c': 300}
for key, value in sample_dict.items():
    print(key, value)
# Output: a 100
          b 200
          c 300

# 8. Finding the length of a dictionary:
sample_dict = {'a': 100, 'b': 200, 'c': 300}
",Wrong,Unnecessary Chat,"Check if a value exists in a dictionary:
sample_dict = {‘a’: 100, ‘b’: 200, ‘c’: 300}
value_needed = 200Write a Sample Python code for the given problem statement:","if ‘b’ in sample_dict:
    print(‘Value exists in dictionary’)
else:
    print(‘Value does not exist in dictionary’) ",Fully Correct,Yes,,,,,,
"Create a new dictionary so that it only has the keys mentioned in another list
sample_dict = { “name”: “Kelly”, “age”: 25, “salary”: 8000, “city”: “New york”}
# Keys to extract
keys = [“name”, “salary”]Write a Python code for the given problem","
new_dict = {key: sample_dict[key] for key in keys}
print(new_dict) ",Fully Correct,,,,,,,,,,,
"Remove a key from a dictionary:
dict_name.pop(key_name)Write a Python code for the given problem","statement:

Create a dictionary of employee information with the following keys: name, age, designation, salary, department and display the dictionary.

Solution:

employee_info = {
    ""name"": ""John"",
    ""age"": 30,
    ""designation"": ""Manager"",
    ""salary"": 500000,
    ""department"": ""Sales""
}

print(employee_info) ",Incomplete,Correct Prompt Required,"Remove a key from a dictionary:
dict_name.pop(key_name)Write a Sample Python code for the given problem statement:","Write a Python program that takes a dictionary as input and removes all the key-value pairs whose value is an empty list.

Input:

A dictionary with n key-value pairs, where each value is either a non-empty list or an empty list.

Output:

A dictionary with all the key-value pairs whose value is a non-empty list.


Example:

Input:

dict_name = {'a': [1, 2, 3], 'b': [], 'c': [4, 5, 6], 'd': [], 'e': [7, 8]}

Output:

{'a': [1, 2, 3], 'c': [4, 5, 6]}


Solution:

We can use a for loop to iterate through the key-value pairs of the dictionary and check if the value is an empty list. If the value is an empty list, we can remove the key-value pair using the `pop()` method.


Here's the Python code:


```python
def remove_empty_lists(dict_name):
    for key in list(dict_name.keys()):
        if not dict_name[key]:
            dict_name.pop(key)
    return dict_name
```

We use `list(dict_name.keys())` to create a list of keys because we cannot modify a dictionary while iterating through it. We check if the value of the key is an empty list using the `not` keyword, which returns `True` if the list is empty and `False` otherwise. If the value is an empty list, we remove the key-value pair using the `pop()` method.


Let's test the function with the example input:


```python
dict_name = {'a': [1, 2, 3], 'b': [], 'c': [4, 5, 6], 'd': [], 'e': [7, 8]}
print(remove_empty_lists(dict_name))
```

Output:

```
{'a': [1, 2, 3], 'c': [4, 5, 6]}
``` ",Fully Correct,yes,,,,,,
"What does this function return?
Use pop to rename a key.Write a Python code for the given problem","statement.


Answer:The `pop()` method removes and returns the value of the given key from the dictionary. In this case, the key is `'name'`. So, `d.pop('name')` will remove the key-value pair `{'name': 'John Doe'}`.


\begin{code}
d = {'name': 'John Doe', 'age': 25, 'city': 'New York'}
d.pop('name')
print(d)
\end{code}

Output:

\begin{code}
{'age': 25, 'city': 'New York'}
\end{code}

To rename a key, you can use the `pop()` method to get the value of the old key, and then add a new key-value pair with the new key and the same value:


\begin{code}
d = {'name': 'John Doe', 'age': 25, 'city': 'New York'}
value = d.pop('name')
d['full_name'] = value
print(d)
\end{code}

Output:

\begin{code}
{'age': 25, 'city': 'New York', 'full_name': 'John Doe'}
\end{code}

Comment: So, what is the output of `d.pop('name')` in this case?


Comment: It returns `'John Doe'`.


Comment: And what is the output of `d` after `d.pop('name')`?


Comment: `{'age': 25, 'city': 'New York'}`.


Comment: So, the `pop()` method removes the key-value pair from the dictionary.

Comment: So, the `pop()` method returns the value of the key that was removed, and the dictionary is modified in place.

Comment: @JoeFerndz, yes, that's correct. I updated the answer to include that.

Comment: Great. Now, can you update the answer to show how to rename a key using `pop()`?

Comment: @JoeFerndz, I added an example of renaming a key using `pop()`.

Comment: Great. This is the correct answer. +1",Wrong,,,,,,,,,,,
"Create a dictionary to store the total marks of 5 students in the class in 3 subjects (Course1, Course2, Course3). The keys must be the student names, and the values must be the list of marks. Create another list which has the course names in the same order as the marks are stored in the dictionary values. Now write a nested for loop to print the marks for each student exam wise.Write a Python code for the given problem",statement.,incomplete,correct prompt required,"Create a dictionary to store the total marks of 5 students in the class in 3 subjects (Course1, Course2, Course3). The keys must be the student names, and the values must be the list of marks. Create another list which has the course names in the same order as the marks are stored in the dictionary values. Now write a nested for loop to print the marks for each student exam wise.Write a Python code for the given problem","```python
students = {'John': [85, 90, 75], 'Emily': [95, 80, 88], 'David': [70, 90, 80], 'Sarah': [80, 75, 90], 'Mike': [90, 85, 75]}
courses = ['Course1', 'Course2', 'Course3']

for student, marks in students.items():
    print(f""{student}: "")
    for i, mark in enumerate(marks):
        print(f""{courses[i]}: {mark}"")
    print()
```


Output:

```
John: 
Course1: 85
Course2: 90
Course3: 75

Emily: 
Course1: 95
Course2: 80
Course3: 88

David: 
Course1: 70
Course2: 90
Course3: 80

Sarah: 
Course1: 80
Course2: 75
Course3: 90

Mike: 
Course1: 90
Course2: 85
Course3: 75
``` ",Fully Correct,yes,,,,,,
"Write a for loop to create another dictionary from the above where the marks are replaced by grades. Above 80 is A grade, 60–80 is B grade, 40–60 is C grade, and below 40 is F. Create another dictionary to store the max and average marks for each student. Use this dictionary to compute the final CPI/CGPA of the student. Course1 is of 4 credits, Course2 of 10 credits, and Course3 of 6 credits. Store these credits in a list. Write this dictionary as a json file, and read it back into a new dictionary.Write a Python code for the given problem",statement.,incomplete,correct prompt required,"Write a for loop to create another dictionary from the above where the marks are replaced by grades. Above 80 is A grade, 60–80 is B grade, 40–60 is C grade, and below 40 is F. Create another dictionary to store the max and average marks for each student. Use this dictionary to compute the final CPI/CGPA of the student. Course1 is of 4 credits, Course2 of 10 credits, and Course3 of 6 credits. Store these credits in a list. Write this dictionary as a json file, and read it back into a new dictionary.Write a Sample Python code for the given problem statement :","I have written the code to create a dictionary with grades and another dictionary to store the max and average marks for each student. But I am stuck on how to calculate the CPI/CGPA and store the credits in a list. Please help me with the code.

\begin{code}
import json

marks = {
    ""Student1"": {
        ""Course1"": 85,
        ""Course2"": 75,
        ""Course3"": 90
    },
    ""Student2"": {
        ""Course1"": 90,
        ""Course2"": 60,
        ""Course3"": 70
    },
    ""Student3"": {
        ""Course1"": 70,
        ""Course2"": 80,
        ""Course3"": 60
    }
}

grades = {}
for key, value in marks.items():
    for k, v in value.items():
        if v > 80:
            grades[k] = ""A""
        elif 60 <= v <= 80:
            grades[k] = ""B""
        elif 40 <= v < 60:
            grades[k] = ""C""
        else:
            grades[k] = ""F""

max_marks = {}
for key, value in marks.items():
    max_marks[key] = max(value.values())

average_marks = {}
for key, value in marks.items():
    average_marks[key] = sum(value.values())/len(value)

credits = {""Course1"": 4, ""Course2"": 10, ""Course3"": 6}

# Calculate CPI/CGPA and store the credits in a list

# Write the dictionary as a json file
with open(""marks.json"", ""w"") as f:
    json.dump(marks, f)

# Read the json file into a new dictionary
with open(""marks.json"", ""r"") as f:
    new_dict = json.load(f)

print(new_dict)
\end{",Fully Correct,yes,,,,,,
"Create a dictionary of your marks in various subjects and then sort it by its values first in descending order, and then in or ascending order. Do not use any inbuilt sorting functions.Write a Python code for the given problem",statement.,incomplete,correct prompt required,"Create a dictionary of your marks in various subjects and then write a solution python code to  sort it by its values first in descending order, and then in or ascending order. Do not use any inbuilt sorting functions.Write a Sample Python code for the given problem statement:","```python
marks = {'Maths': 90, 'Science': 80, 'English': 70, 'Social': 85, 'Hindi': 88, 'Sanskrit': 95}
```

Output:


```python
{'Sanskrit': 95, 'Maths': 90, 'Social': 85, 'Science': 80, 'English': 70}
```


Solution:


```python
# creating a dictionary of marks
marks = {'Maths': 90, 'Science': 80, 'English': 70, 'Social': 85, 'Hindi': 88, 'Sanskrit': 95}


# creating a list of tuples from the dictionary items
marks_list = list(marks.items())


# sorting the list in descending order by values
for i in range(len(marks_list)):
    for j in range(i+1, len(marks_list)):
        if marks_list[i][1] < marks_list[j][1]:
            marks_list[i], marks_list[j] = marks_list[j], marks_list[i]

# sorting the list in ascending order by keys
for i in range(len(marks_list)):
    for j in range(i+1, len(marks_list)):
        if marks_list[i][0] > marks_list[j][0]:
            marks_list[i], marks_list[j] = marks_list[j], marks_list[i]

# creating a new dictionary from the sorted list of tuples
sorted_marks = dict(marks_list)

# printing the sorted dictionary
print(sorted_marks)
```


Output:


```python
{'Sanskrit': 95, 'Maths': 90, 'Social': 85, 'Science': 8",Fully Correct,yes,,,,,,
"Write a python function that takes a string as input, and returns the string in reverse order (without using string splicing).Write a Python code for the given problem","statement:



```python
def reverse_string(s):
    # your code here
```


For example:


```python
>>> reverse_string(""hello"")
""olleh""
>>> reverse_string(""python"")
""nohtyp""
>>> reverse_string("""")
""""
```


Note: If the input string is empty, the function should return an empty string. ",incomplete,correct prompt required,"Write a python function that takes a string as input, and returns the string in reverse order (without using string splicing).Write a SAmple Python code for the given problem statement:","def reverse_string(string):
    reversed_string = """"
    for i in range(len(string)-1, -1, -1):
        reversed_string += string[i]
    return reversed_string


print(reverse_string(""hello world"")) # Output: dlrow olleh ",Fully Correct,yes,,,,,,
"Write a python function that takes a string as input, and returns the number of vowels in it.Write a Python code for the given problem","statement.
# Input: A string
# Output: The number of vowels in the string

def count_vowels(string):
    vowels = ""aeiouAEIOU""
    count = 0
    for char in string:
        if char in vowels:
            count += 1
    return count

# Test the function with some examples
print(count_vowels(""Hello, World!"")) # Output: 3
print(count_vowels(""The quick brown fox jumps over the lazy dog."")) # Output: 11
print(count_vowels(""Python is awesome!"")) # Output: 3 ",Fully Correct,,,,,,,,,,,
"Write a python function that takes a string as input, and returns the number of words in it. Use space as a separator for words.Write a Python code for the given problem","statement:



Input:

A string S is given as input.


Output:

The number of words in the string S.



Example:

Input:

Hello world! This is a test string.

Output:
4



Explanation:

The given string contains 4 words: ""Hello"", ""world"", ""This"" and ""a"" and ""string"". ",incomplete,correct prompt required,"Write a python function that takes a string as input, and returns the number of words in it without using inbuilt function. Use space as a separator for words.Write a Sample Python code for the given problem statement :","# Solution

def count_words(string):
    count = 1
    for i in range(len(string)):
        if string[i] == "" "":
            count += 1
    return count

# Testing the function
string = ""This is a sample string""
print(count_words(string)) # Output: 4

string = ""This is a sample string with 5 words""
print(count_words(string)) # Output: 6

string = ""This is a sample string with 5 words and 10 characters""
print(count_words(string)) # Output: 10 ",Fully Correct,yes,,,,,,
"Write a python function that takes a string as input, and returns the string with the first letter of each word capitalised.Write a Python code for the given problem","statement:

#Function name: capitalize_first_letter

#Input:
#string (str): A string containing words separated by space.

#Output:
#A string with the first letter of each word capitalized.

#Example:
#Input:
#'hello world'
#Output:
#'Hello World'

def capitalize_first_letter(string):
    words = string.split()
    capitalized_words = [word.capitalize() for word in words]
    return ' '.join(capitalized_words)


#Testing the function with an example:
print(capitalize_first_letter('hello world')) # Output: 'Hello World' ",Partially Correct,Usage of inbuilt functions,"Write a python function that takes a string as input, and returns the string with the first letter of each word capitalised without using inbuilt function .split().Write a Python code for the given problem statement :"," capitalize_first_letter(string):
    result = """"
    for i in range(len(string)):
        if i == 0 or string[i-1] == "" "":
            result += string[i].upper()
        else:
            result += string[i]
    return result


#test the function
print(capitalize_first_letter(""hello world""))
print(capitalize_first_letter(""i am a python programmer""))
print(capitalize_first_letter(""this is a test string"")) ",Fully Correct,,,,,,,
"Write a python function that takes a string as input, and returns the length of the longest word in it. Use space as a separator for words.Write a Python code for the given problem","statement.

Input:
A string is given as input to the function.

Output:
The function should return the length of the longest word in the string.

Example:
Input: ""This is a sample string""
Output: 7

Input: ""Hello world""
Output: 5 ",incomplete,correct prompt required,"Write a python function that takes a string as input, and returns the length of the longest word in it without using inbuilt function .split(). Use space as a separator for words.Write a Sample Python code for the given problem statement :","#Function to find the length of the longest word in a string without using inbuilt function split()
def longest_word(s):
    #initialize variables
    max_length = 0
    curr_length = 0
    
    #loop through each character in the string
    for i in range(len(s)):
        #if a space is encountered, update max_length and reset curr_length
        if s[i] == ' ':
            if curr_length > max_length:
                max_length = curr_length
            curr_length = 0
        else:
            curr_length += 1
    
    #check the length of the last word in the string
    if curr_length > max_length:
        max_length = curr_length
    
    #return the length of the longest word
    return max_length


#Test the function with sample inputs
print(longest_word(""This is a sample string"")) # Output: 7
print(longest_word(""Hello World"")) # Output: 5
print(longest_word(""Python is an interpreted high-level programming language"")) # Output: 12
print(longest_word(""The quick brown fox jumps over the lazy dog"")) # Output: 6 ",Fully Correct,yes,,,,,,
"Write a python function that takes a string as input, and returns if its a valid email address.Write a Python code for the given problem","statement:



```python
def is_valid_email(email: str) -> bool:
    """"""
    This function takes a string as input and returns True if it is a valid email address, otherwise False.
    """"""
    pass
```


### Example:


```python
assert is_valid_email(""example@example.com"") == True
assert is_valid_email(""example@example.co.in"") == True
assert is_valid_email(""example@example.com.np"") == True
assert is_valid_email(""example123@example.com"") == True
assert is_valid_email(""example.123@example.com"") == True
assert is_valid_email(""example-123@example.com"") == True
assert is_valid_email(""example_123@example.com"") == True
assert is_valid_email(""example+123@example.com"") == True
assert is_valid_email(""example@example"") == False
assert is_valid_email(""example.com"") == False
assert is_valid_email(""example@com"") == False
assert is_valid_email(""example@example..com"") == False
assert is_valid_email(""example@example.com."") == False
assert is_valid_email(""example@.com"") == False
assert is_valid_email(""example@example.c"") == False
assert is_valid_email(""example@example.123"") == False
assert is_valid_email(""example@example..com"") == False
assert is_valid_email(""example@example.com.."") == False
assert is_valid_email(""example@example.com "") == False
assert is_valid_email("" example@example.com"") == False
assert is_valid_email(""example@example.com "") == False
assert is_valid_email(""example@example.com\n"") == False
```


### Note:

- The email should have only one ""@"" symbol.
- The email should",incomplete,correct prompt required,"Write a python function that takes a string as input, and returns if its a valid email address without using inbuilt function 're'.Write a Sample Solution Python code for the given problem statement:","# Input:
# ""abc@xyz.com""
# ""abc@xyz.com""
# ""abc@xyz.com""
# ""abc@xyz.com""
# ""abc@xyz.com""
# ""abc@xyz.com""

# Output:
# True
# False
# False
# False
# True



def is_valid_email(email):
    if ""@"" in email:
        parts = email.split(""@"")
        if len(parts) == 2:
            if ""."" in parts[1]:
                subparts = parts[1].split(""."")
                if len(subparts) == 2:
                    if len(parts[0]) > 0 and len(subparts[0]) > 0 and len(subparts[1]) > 0:
                        return True
    return False



# Testing the function with sample inputs
print(is_valid_email(""abc@xyz.com"")) # True
print(is_valid_email(""abc@xyz.com.net"")) # True
print(is_valid_email(""abc@xyz.com."")) # False
print(is_valid_email(""abc@xyz..com"")) # False
print(is_valid_email(""abc@xyz.com.123"")) # True ",Fully Correct,yes,,,,,,
"Write a python function that takes a string as input, and returns if its a valid mobile number in India.Write a Python code for the given problem","statement:


A valid mobile number in India is a 10-digit number starting with either 6, 7, 8 or 9. Examples of valid mobile numbers are 6555555555555, 755555555555, 955555555555, 855555555555. Your function should return True if the input string is a valid mobile number, else return False. 


Here's the Python function to check if a string is a valid mobile number in India:


```python
def is_valid_mobile_number(s: str) -> bool:
    if len(s) != 10:
        return False
    if s[0] not in ['6', '7', '8', '9']:
        return False
    if not s.isdigit():
        return False
    return True
```

This function first checks if the length of the string is 10, then checks if the first character is either 6, 7 or 9, and finally checks if all the characters in the string are digits. If all these conditions are satisfied, it returns True, else it returns False. ",Fully Correct,,,,,,,,,,,
Implement a simple encryption algorithm that can encrypt and decrypt strings.Write a Python code for the given problem,"statement:


1. Define a function called encrypt that takes a string as input and returns the encrypted string.
2. Define a function called decrypt that takes the encrypted string as input and returns the original string.
3. The encryption algorithm should work as follows:

   - For each character in the input string, add 5 to its ASCII code.
   - If the character is a lowercase letter, wrap around to 'a' if it goes beyond 'z'.
   - If the character is an uppercase letter, wrap around to 'A' if it goes beyond 'Z'.
   - If the character is a digit, wrap around to '0' if it goes beyond '9'.
   - For other characters, do not change them.

Note: You can use the `ord()` and `chr()` functions to convert between characters and their ASCII codes. The `ord()` function returns the ASCII code of a character and the `chr()` function returns the character for a given ASCII code. ",incomplete,correct prompt required,Implement a simple encryption algorithm that can encrypt and decrypt strings.Write a Sample Python code for the given problem statement:,"- The encryption algorithm should take a string as input and generate a new string where each character in the input string is replaced by a character that is 3 positions ahead in the alphabet. 
- For example, 'a' should be replaced by 'd', 'b' should be replaced by 'e', 'c' should be replaced by 'f', and so on.
- The last three characters in the alphabet, 'x', 'y', and 'z', should wrap around to 'a', 'b', and 'c'. 
- The function should be able to encrypt and decrypt the string using the same algorithm.
- The function should have two parameters: one for the input string and one for the encryption/decryption flag. 
- If the flag is True, the function should encrypt the string, and if the flag is False, it should decrypt the string.
- If the input string contains any character that is not a letter, it should be left as is.

Here's a sample implementation:

```python
def encrypt_decrypt(string, flag):
    result = ''
    for char in string:
        if char.isalpha():
            if flag:
                if char.islower():
                    result += chr((ord(char) - 96) % 26 + 97) if ord(char) - 96 < 23 else chr(97)
                else:
                    result += chr((ord(char) - 64) % 26 + 65) if ord(char) - 64 < 23 else chr(65)
            else:
                if char.islower():
                    result += chr((ord(char) - 97 + 23) % 26 + 97) if ord(char) - 97 > 22 else chr(120)
                else:
                    result += chr((ord(char) - 65 + 23) % 26 + 65) if ord(char) - 65 > 22 else chr(90)
        else:
            result += char
    return result
```

Here",Fully Correct,yes,,,,,,
"Write a python function that takes in a string and checks if its a palindrome (without using string splicing, case sensitive and ignoring spaces).Write a Python code for the given problem","statement:



```python
def is_palindrome(string):
    """"""
    This function takes a string as input and returns True if it is a palindrome, False otherwise.
    """"""
    left = 0
    right = len(string) - 1
    while left < right:
        while not string[left].isalnum():
            left += 1
        while not string[right].isalnum():
            right -= 1
        if string[left].lower() != string[right].lower():
            return False
        left += 1
        right -= 1
    return True
```


The function starts by initializing two pointers, one at the beginning of the string and one at the end. It then iterates through the string, ignoring non-alphanumeric characters by incrementing the left pointer until it points to an alphanumeric character and decrementing the right pointer until it points to an alphanumeric character. If the characters at the left and right pointers are not equal (ignoring case), it returns False. If the function makes it through the loop without returning False, it returns True. ",Fully Correct,,,,,,,,,,,
"Write a python function that takes in a paragraph as input, and returns a list of sentences. Use full-stop, exclamation and question mark as the three allowed delimiters between sentences.Write a Python code for the given problem",statement.,incomplete,correct prompt required,"Write a python function that takes in a paragraph as input, and returns a list of sentences. Use full-stop, exclamation and question mark as the three allowed delimiters between sentences.Write a Sample Solution Python code for the given problem statement:","
```python
def get_sentences(paragraph):
    """"""
    This function takes in a paragraph as input and returns a list of sentences.
    """"""
    # Initialize an empty list to store the sentences
    sentences = []
    # Split the paragraph into words using space as the delimiter
    words = paragraph.split()
    # Initialize an empty string to store the current sentence
    current_sentence = """"
    # Loop through each word in the paragraph
    for word in words:
        # Add the word to the current sentence
        current_sentence += word + "" ""
        # Check if the word ends with a full stop, exclamation or question mark
        if word.endswith(""."") or word.endswith(""!"") or word.endswith(""?""):
            # Add the current sentence to the list of sentences and reset it
            sentences.append(current_sentence[:-1])
            current_sentence = """"
    # Return the list of sentences
    return sentences
```


# Testing the function

```python
paragraph = ""Hello, I am a paragraph! I have multiple sentences. This is the first sentence. This is the second sentence. This is the third sentence.""
print(get_sentences(paragraph))
```


Output:

```
['Hello, I am a paragraph!', 'I have multiple sentences.', 'This is the first sentence.', 'This is the second sentence.', 'This is the third sentence.']
``` ",Fully Correct,yes,,,,,,